<?xml version="1.0" encoding="utf-8" standalone="yes" ?>
<rss version="2.0" xmlns:atom="http://www.w3.org/2005/Atom">
  <channel>
    <title>Blogs on OUIS</title>
    <link>http://ugauga.x10.mx/blog/</link>
    <description>Recent content in Blogs on OUIS</description>
    <generator>Hugo -- gohugo.io</generator>
    <language>en-uk</language>
    <lastBuildDate>Wed, 12 Sep 2018 14:51:12 +0600</lastBuildDate>
    
	<atom:link href="http://ugauga.x10.mx/blog/index.xml" rel="self" type="application/rss+xml" />
    
    
    <item>
      <title>Are You Doing the Right Way</title>
      <link>http://ugauga.x10.mx/blog/are-you-doing-the-right-way/</link>
      <pubDate>Wed, 12 Sep 2018 14:51:12 +0600</pubDate>
      
      <guid>http://ugauga.x10.mx/blog/are-you-doing-the-right-way/</guid>
      <description>Praesent sapien massa, convallis a pellentesque nec, egestas non nisi. Vestibulum ante ipsum primis in faucibus orci luctus et ultrices posuere cubilia Curae; Donec velit neque, auctor sit amet aliquam vel, ullamcorper sit amet ligula.</description>
    </item>
    
    <item>
      <title>Simple Post Title</title>
      <link>http://ugauga.x10.mx/blog/simple-post-title/</link>
      <pubDate>Wed, 12 Sep 2018 14:39:16 +0600</pubDate>
      
      <guid>http://ugauga.x10.mx/blog/simple-post-title/</guid>
      <description>Praesent sapien massa, convallis a pellentesque nec, egestas non nisi. Vestibulum ante ipsum primis in faucibus orci luctus et ultrices posuere cubilia Curae; Donec velit neque, auctor sit amet aliquam vel, ullamcorper sit amet ligula.</description>
    </item>
    
    <item>
      <title>Simple Image Post</title>
      <link>http://ugauga.x10.mx/blog/simple-image-post/</link>
      <pubDate>Wed, 12 Sep 2018 12:52:36 +0600</pubDate>
      
      <guid>http://ugauga.x10.mx/blog/simple-image-post/</guid>
      <description>Praesent sapien massa, convallis a pellentesque nec, egestas non nisi. Vestibulum ante ipsum primis in faucibus orci luctus et ultrices posuere cubilia Curae; Donec velit neque, auctor sit amet aliquam vel, ullamcorper sit amet ligula.</description>
    </item>
    
    <item>
      <title>How To Setup Meghna Hugo</title>
      <link>http://ugauga.x10.mx/blog/installation/</link>
      <pubDate>Mon, 01 Jan 0001 00:00:00 +0000</pubDate>
      
      <guid>http://ugauga.x10.mx/blog/installation/</guid>
      <description>Install this template by following those simple steps: STEP-1 : Hugo installation Check this link below for install hugo on your computer.</description>
    </item>
    
  </channel>
</rss>