<?xml version="1.0" encoding="utf-8" standalone="yes" ?>
<rss version="2.0" xmlns:atom="http://www.w3.org/2005/Atom">
  <channel>
    <title>golang on OUIS</title>
    <link>http://ugauga.x10.mx/tags/golang/</link>
    <description>Recent content in golang on OUIS</description>
    <generator>Hugo -- gohugo.io</generator>
    <language>en-uk</language>
    
	<atom:link href="http://ugauga.x10.mx/tags/golang/index.xml" rel="self" type="application/rss+xml" />
    
    
    <item>
      <title>How To Setup Meghna Hugo</title>
      <link>http://ugauga.x10.mx/blog/installation/</link>
      <pubDate>Mon, 01 Jan 0001 00:00:00 +0000</pubDate>
      
      <guid>http://ugauga.x10.mx/blog/installation/</guid>
      <description>Install this template by following those simple steps: STEP-1 : Hugo installation Check this link below for install hugo on your computer.</description>
    </item>
    
  </channel>
</rss>