<?xml version="1.0" encoding="utf-8" standalone="yes" ?>
<rss version="2.0" xmlns:atom="http://www.w3.org/2005/Atom">
  <channel>
    <title>Author on OUIS</title>
    <link>http://ugauga.x10.mx/author/</link>
    <description>Recent content in Author on OUIS</description>
    <generator>Hugo -- gohugo.io</generator>
    <language>en-uk</language>
    <lastBuildDate>Wed, 12 Sep 2018 14:51:12 +0600</lastBuildDate>
    
	<atom:link href="http://ugauga.x10.mx/author/index.xml" rel="self" type="application/rss+xml" />
    
    
    <item>
      <title></title>
      <link>http://ugauga.x10.mx/author/john-doe/</link>
      <pubDate>Wed, 12 Sep 2018 14:51:12 +0600</pubDate>
      
      <guid>http://ugauga.x10.mx/author/john-doe/</guid>
      <description>Lorem ipsum dolor sit amet, consectetur adipiscing elit. Nullam pulvinar turpis ac est vulputate egestas at vitae nunc.</description>
    </item>
    
    <item>
      <title></title>
      <link>http://ugauga.x10.mx/author/somrat/</link>
      <pubDate>Wed, 12 Sep 2018 14:39:16 +0600</pubDate>
      
      <guid>http://ugauga.x10.mx/author/somrat/</guid>
      <description>Lorem ipsum dolor sit amet, consectetur adipiscing elit. Proin sit amet vulputate augue.</description>
    </item>
    
    <item>
      <title></title>
      <link>http://ugauga.x10.mx/author/jamica-jock/</link>
      <pubDate>Wed, 12 Sep 2018 12:52:36 +0600</pubDate>
      
      <guid>http://ugauga.x10.mx/author/jamica-jock/</guid>
      <description>Lorem ipsum dolor sit amet, consectetur adipiscing elit. Proin eu magna arcu.</description>
    </item>
    
    <item>
      <title>Themefisher</title>
      <link>http://ugauga.x10.mx/author/themefisher/</link>
      <pubDate>Mon, 01 Jan 0001 00:00:00 +0000</pubDate>
      
      <guid>http://ugauga.x10.mx/author/themefisher/</guid>
      <description></description>
    </item>
    
  </channel>
</rss>