<?xml version="1.0" encoding="utf-8" standalone="yes" ?>
<rss version="2.0" xmlns:atom="http://www.w3.org/2005/Atom">
  <channel>
    <title>OUIS</title>
    <link>http://ugauga.x10.mx/author/john-doe/</link>
    <description>Recent content on OUIS</description>
    <generator>Hugo -- gohugo.io</generator>
    <language>en-uk</language>
    <lastBuildDate>Wed, 12 Sep 2018 14:51:12 +0600</lastBuildDate>
    
	<atom:link href="http://ugauga.x10.mx/author/john-doe/index.xml" rel="self" type="application/rss+xml" />
    
    
    <item>
      <title>Are You Doing the Right Way</title>
      <link>http://ugauga.x10.mx/blog/are-you-doing-the-right-way/</link>
      <pubDate>Wed, 12 Sep 2018 14:51:12 +0600</pubDate>
      
      <guid>http://ugauga.x10.mx/blog/are-you-doing-the-right-way/</guid>
      <description>Praesent sapien massa, convallis a pellentesque nec, egestas non nisi. Vestibulum ante ipsum primis in faucibus orci luctus et ultrices posuere cubilia Curae; Donec velit neque, auctor sit amet aliquam vel, ullamcorper sit amet ligula.</description>
    </item>
    
  </channel>
</rss>