<?xml version="1.0" encoding="utf-8" standalone="yes" ?>
<rss version="2.0" xmlns:atom="http://www.w3.org/2005/Atom">
  <channel>
    <title>Tags on OUIS</title>
    <link>http://ugauga.x10.mx/tags/</link>
    <description>Recent content in Tags on OUIS</description>
    <generator>Hugo -- gohugo.io</generator>
    <language>en-uk</language>
    
	<atom:link href="http://ugauga.x10.mx/tags/index.xml" rel="self" type="application/rss+xml" />
    
    
    <item>
      <title>golang</title>
      <link>http://ugauga.x10.mx/tags/golang/</link>
      <pubDate>Mon, 01 Jan 0001 00:00:00 +0000</pubDate>
      
      <guid>http://ugauga.x10.mx/tags/golang/</guid>
      <description></description>
    </item>
    
    <item>
      <title>hugo</title>
      <link>http://ugauga.x10.mx/tags/hugo/</link>
      <pubDate>Mon, 01 Jan 0001 00:00:00 +0000</pubDate>
      
      <guid>http://ugauga.x10.mx/tags/hugo/</guid>
      <description></description>
    </item>
    
    <item>
      <title>programming</title>
      <link>http://ugauga.x10.mx/tags/programming/</link>
      <pubDate>Mon, 01 Jan 0001 00:00:00 +0000</pubDate>
      
      <guid>http://ugauga.x10.mx/tags/programming/</guid>
      <description></description>
    </item>
    
    <item>
      <title>theme</title>
      <link>http://ugauga.x10.mx/tags/theme/</link>
      <pubDate>Mon, 01 Jan 0001 00:00:00 +0000</pubDate>
      
      <guid>http://ugauga.x10.mx/tags/theme/</guid>
      <description></description>
    </item>
    
  </channel>
</rss>