<?xml version="1.0" encoding="utf-8" standalone="yes" ?>
<rss version="2.0" xmlns:atom="http://www.w3.org/2005/Atom">
  <channel>
    <title>Categories on OUIS</title>
    <link>http://ugauga.x10.mx/categories/</link>
    <description>Recent content in Categories on OUIS</description>
    <generator>Hugo -- gohugo.io</generator>
    <language>en-uk</language>
    
	<atom:link href="http://ugauga.x10.mx/categories/index.xml" rel="self" type="application/rss+xml" />
    
    
    <item>
      <title>starting</title>
      <link>http://ugauga.x10.mx/categories/starting/</link>
      <pubDate>Mon, 01 Jan 0001 00:00:00 +0000</pubDate>
      
      <guid>http://ugauga.x10.mx/categories/starting/</guid>
      <description></description>
    </item>
    
  </channel>
</rss>